,0.0,0.033333333,0.066666666,0.1,0.133333333,0.166666666,0.2,0.233333333,0.266666666,0.3,0.333333333,0.366666666,0.4,0.433333333,0.466666666,0.5,0.533333333,0.566666666,0.6,0.633333333,0.666666666,0.7,0.733333333,0.766666666,0.8,0.833333333,0.866666666,0.9,0.933333333,0.966666666,1.0,1.033333333,1.066666666,1.1,1.133333333,1.166666666,1.2,1.233333333,1.266666666,1.3,1.333333333,1.366666666,1.4,1.433333333,1.466666666,1.5,1.533333333,1.566666666,1.6,1.633333333,1.666666666,1.7,1.733333333,1.766666666,1.8,1.833333333,1.866666666,1.9,1.933333333,1.966666666,2.0,2.033333333,2.066666666,2.1,2.133333333,2.166666666,2.2,2.233333333,2.266666666,2.3,2.333333333,2.366666666,2.4,2.433333333,2.466666666,2.5,2.533333333,2.566666666,2.6,2.633333333,2.666666666,2.7,2.733333333,2.766666666,2.8,2.833333333,2.866666666,2.9,2.933333333,2.966666666,3.0,3.033333333,3.066666666,3.1,3.133333333,3.166666666,3.2,3.233333333,3.266666666,3.3,3.333333333,3.366666666,3.4,3.433333333,3.466666666,3.5,3.533333333,3.566666666,3.6,3.633333333,3.666666666,3.7,3.733333333,3.766666666,3.8,3.833333333,3.866666666,3.9,3.933333333,3.966666666,4.0,4.033333333,4.066666666,4.1,4.133333333,4.166666666,4.2,4.233333333,4.266666666,4.3,4.333333333,4.366666666,4.4,4.433333333,4.466666666,4.5,4.533333333,4.566666666,4.6,4.633333333,4.666666666,4.7,4.733333333,4.766666666,4.8,4.833333333,4.866666666,4.9,4.933333333,4.966666666,5.0,5.033333333,5.066666666,5.1,5.133333333,5.166666666,5.2,5.233333333,5.266666666,5.3,5.333333333,5.366666666,5.4,5.433333333,5.466666666,5.5,5.533333333,5.566666666,5.6,5.633333333,5.666666666,5.7,5.733333333,5.766666666,5.8,5.833333333,5.866666666,5.9,5.933333333,5.966666666,6.0,6.033333333,6.066666666,6.1,6.133333333,6.166666666,6.2,6.233333333,6.266666666,6.3,6.333333333,6.366666666,6.4,6.433333333,6.466666666,6.5,6.533333333,6.566666666,6.6,6.633333333,6.666666666,6.7,6.733333333,6.766666666,6.8,6.833333333,6.866666666,6.9,6.933333333,6.966666666,7.0,7.033333333,7.066666666,7.1,7.133333333,7.166666666,7.2,7.233333333,7.266666666,7.3,7.333333333,7.366666666,7.4,7.433333333,7.466666666,7.5,7.533333333,7.566666666,7.6,7.633333333,7.666666666,7.7,7.733333333,7.766666666,7.8,7.833333333,7.866666666,7.9,7.933333333,7.966666666,8.0,8.033333333,8.066666666,8.1,8.133333333,8.166666666,8.2,8.233333333,8.266666666,8.3,8.333333333,8.366666666,8.4,8.433333333,8.466666666,8.5,8.533333333,8.566666666,8.6,8.633333333,8.666666666,8.7,8.733333333,8.766666666,8.8,8.833333333,8.866666666,8.9,8.933333333,8.966666666,9.0,9.033333333,9.066666666,9.1,9.133333333,9.166666666,9.2,9.233333333,9.266666666,9.3,9.333333333,9.366666666,9.4,9.433333333,9.466666666,9.5,9.533333333,9.566666666,9.6,9.633333333,9.666666666,9.7,9.733333333,9.766666666,9.8,9.833333333,9.866666666,9.9,9.933333333,9.966666666,10.0,10.033333333,10.066666666,10.1,10.133333333,10.166666666,10.2,10.233333333,10.266666666,10.3,10.333333333,10.366666666,10.4,10.433333333,10.466666666,10.5,10.533333333,10.566666666,10.6,10.633333333,10.666666666,10.7,10.733333333,10.766666666,10.8,10.833333333,10.866666666,10.9,10.933333333,10.966666666,11.0,11.033333333,11.066666666,11.1,11.133333333,11.166666666,11.2,11.233333333,11.266666666,11.3,11.333333333,11.366666666,11.4,11.433333333,11.466666666,11.5,11.533333333,11.566666666,11.6,11.633333333,11.666666666,11.7,11.733333333,11.766666666,11.8,11.833333333,11.866666666,11.9,11.933333333,11.966666666,12.0,12.033333333,12.066666666,12.1,12.133333333,12.166666666,12.2,12.233333333,12.266666666,12.3,12.333333333,12.366666666,12.4,12.433333333,12.466666666,12.5,12.533333333,12.566666666,12.6,12.633333333,12.666666666,12.7,12.733333333,12.766666666,12.8,12.833333333,12.866666666,12.9,12.933333333,12.966666666,13.0,13.033333333,13.066666666,13.1,13.133333333,13.166666666,13.2,13.233333333,13.266666666,13.3,13.333333333,13.366666666,13.4,13.433333333,13.466666666,13.5,13.533333333,13.566666666,13.6,13.633333333,13.666666666,13.7,13.733333333,13.766666666,13.8,13.833333333,13.866666666,13.9,13.933333333,13.966666666,14.0,14.033333333,14.066666666,14.1,14.133333333,14.166666666,14.2,14.233333333,14.266666666,14.3,14.333333333,14.366666666,14.4,14.433333333,14.466666666,14.5,14.533333333,14.566666666,14.6,14.633333333,14.666666666,14.7,14.733333333,14.766666666,14.8,14.833333333,14.866666666,14.9,14.933333333,14.966666666,15.0,15.033333333,15.066666666,15.1,15.133333333,15.166666666,15.2,15.233333333,15.266666666,15.3,15.333333333,15.366666666,15.4,15.433333333,15.466666666,15.5,15.533333333,15.566666666,15.6,15.633333333,15.666666666,15.7,15.733333333,15.766666666,15.8,15.833333333,15.866666666,15.9,15.933333333,15.966666666,16.0,16.033333333,16.066666666,16.1,16.133333333,16.166666666,16.2,16.233333333,16.266666666,16.3,16.333333333,16.366666666,16.4,16.433333333,16.466666666,16.5,16.533333333,16.566666666,16.6,16.633333333,16.666666666,16.7,16.733333333,16.766666666
"(left_shoulder,
                    left_elbow,
                    left_wrist)",177.68715528448408,175.5444438566234,173.4210462400412,171.31911576960732,169.2409221816543,167.1887736887926,165.1649480659492,163.1716212870623,161.2107940981602,159.28421377051805,157.39329181129324,155.53902225965996,153.72193125768175,151.94209347120628,150.19913095369697,148.49216517110756,146.81973634795696,145.1796118339951,143.56850658480192,141.9817270078205,140.41277701762453,138.8531036698323,137.29242155080155,135.72129640673495,134.14074754006316,132.58405032644808,132.24826071927737,132.04189753212532,131.9433669159514,131.93192848726284,131.98851249110487,132.09573795474378,132.23753996693006,132.398844197729,132.5654698615546,132.72441354287662,132.86466228647083,132.9784136617871,133.06257731204116,133.11806692415394,133.14794959632178,133.15587433770972,133.14485399828325,133.11831923972449,133.081219614798,133.04143421877575,133.0091316330972,132.99340291028395,132.99999573102548,133.03219406980844,133.09189861723888,133.18031568888648,133.29833039179002,133.44672060351647,133.62615599659964,133.83536981687553,134.07025074472,134.32419046324642,134.58921464900934,134.85821197269664,135.12770333140298,135.3986768435592,135.6763051805935,135.96698380314047,136.27465687913752,136.5991317918417,136.93622833974683,137.2786992506147,137.6177643796532,137.94445422343196,138.250331378108,138.52669230789905,138.76536373874308,138.95959354134956,139.10470057453972,139.19969011690952,139.2475857234637,139.25412034114578,139.22543551261788,139.16672944395953,139.0826972519867,138.97778448590816,138.85656191746813,138.72366483296048,138.58398834951703,138.44301786184502,138.3053385586111,138.1734129704995,138.04742243304779,137.92633728272583,137.81035682822895,137.70291188785984,137.61054276772336,137.54075936502537,137.4993388286348,137.48945927315714,137.51074272394368,137.56054976307112,137.6355047757155,137.7316466808876,137.8440456290218,137.96665021342204,138.09266306275646,138.2146817832965,138.32384182975824,138.41078077887883,138.46919643460527,138.4975502039789,138.4990248431658,138.4805835322332,138.450731194144,138.41713985321033,138.38595253661322,138.36146354193946,138.34699247081548,138.34500229604174,138.35717734518246,138.38471494406417,138.42705692875998,138.48191786919745,138.54580274072384,138.61528059829647,138.68860857107782,138.76634866382426,138.85186833537261,138.94990753597335,139.06377897550297,139.19369650331106,139.33609704941412,139.48366409542837,139.6264685058363,139.75256360321137,139.84967634911013,139.90707845041487,139.91587585906797,139.86829313176432,139.75749555400432,139.5792028281823,139.3325767320222,139.02140810578788,138.65351888138883,138.23934222324945,137.79082007587434,137.32096250207846,136.84294105359686,136.3692478861306,135.9109425063855,135.4777366075898,135.07800866449594,134.7177735212388,134.39992072059414,134.12457285217624,133.88992723125526,133.69346534184643,133.53464423872293,133.41653308830848,133.3440049637241,133.3208157539,133.34766817247444,133.4213466775159,133.53447069027487,133.6769049374572,133.83748865756633,134.00532146113696,134.17049234315152,134.32426365992205,134.45868586917695,134.5666914931018,134.64210623255315,134.68062319601933,134.679346839461,134.6371655362633,134.55571474157685,134.43937582798804,134.29402057346508,134.1261624802365,133.94263834918664,133.75092556242979,133.55878028417254,133.3736323064227,133.20137322142054,133.04521504201398,132.9051241559804,132.77718212853947,132.65423772593923,132.52989407196577,132.40180825208432,132.2724180279435,132.1483050505125,132.03761721229628,131.9464451298262,131.87771085555227,131.8308889019804,131.80281338860232,131.7895889482051,131.78788406722643,131.79490993648844,131.80779548555486,131.82312032262175,131.8372915874067,131.84830973834704,131.85718099576778,131.8674805507768,131.8849016028268,131.91626803860424,131.96683729287497,132.039275276863,132.1331205131504,132.2445163239419,132.36731726469108,132.49378714539316,132.61423112511918,132.71626777493387,132.7864483961181,132.81272692580765,132.7865145970142,132.70447485625448,132.57029601587578,132.39438230909383,132.192263759342,131.98167055351857,131.78008400770983,131.60186395613553,131.4562035365471,131.34733515911884,131.27604049193627,131.24053164378435,131.2354774328412,131.25268920592922,131.28320958676596,131.31932605083983,131.35702536898413,131.39706721422976,131.4453517303918,131.51084435548444,131.60242015774003,131.72575856254932,131.88213778142827,132.06877700634058,132.2797083940984,132.5069994356461,132.74045903050936,132.96769098143358,133.17486389443965,133.34863440129976,133.47864384074336,133.55969423705045,133.5930370825701,133.5857561649726,133.54871295654715,133.49411178821117,133.4330285658587,133.37344448335114,133.32004252608272,133.27416680478086,133.23509341268883,133.2004866658788,133.1664971798761,133.12887057496982,133.08307032283986,133.0259410012171,132.95838742038046,132.886737022326,132.8218271264228,132.77573473410362,132.75827913572473,132.7747074386869,132.8250317892387,132.90466782215282,133.00568414601153,133.1175365177877,133.22704044488657,133.3194276054563,133.38042333678737,133.39944414830484,133.37187192441124,133.29941952749883,133.19064828215042,133.06008411188452,132.92455592687776,132.80029837427162,132.70082473427058,132.6352576172933,132.6081284130991,132.62028350069164,132.67029107933882,132.75356672184,132.86248199334415,132.98755870928642,133.11838955170936,133.24601519356963,133.3660757369681,133.48023391399198,133.59425809559707,133.71470505636148,133.84551588393674,133.98672269182768,134.13526868699114,134.2858766857307,134.43123314810694,134.56145629808674,134.66411985605794,134.7256035599637,134.7336719752363,134.67992065867912,134.5609037574085,134.37910917106046,134.1432502314326,133.86583934447276,133.56131876787595,133.24430538457023,132.92671470455545,132.61661875009176,132.3186120317208,132.03473366782063,131.76482349053157,131.50780939086934,131.26244528811606,131.02797321830906,130.80571699146637,130.60032717891687,130.41971080217795,130.27394306391642,130.1725922200098,130.1225491742,130.12609869138055,130.18030206979665,130.27823704913413,130.4095202533847,130.5607626155656,130.71630898875813,130.8591819459756,130.97283493341985,131.04382825181943,131.06398226195915,131.03133715854025,130.95123234693293,130.83598399437335,130.70176262817023,130.56532514598007,130.4416646461922,130.34131355431003,130.27014420093823,130.2309032450411,130.2243577575143,130.24886098859764,130.2999748404087,130.37121704328277,130.4552360280092,130.54631587406524,130.64269782952434,130.74622375214153,130.86093484932275,130.99052778187365,131.13608192695608,131.29521232385503,131.46294409613319,131.63279067194486,131.7972995878086,131.947957028673,132.07502141029016,132.16909802494706,132.2225426651881,132.23128062913537,132.19641166184124,132.124821218303,132.02885554328262,131.9235777591789,131.82387837164927,131.74213390549207,131.68653358478986,131.66098956727424,131.6654081080193,131.69653349542557,131.74929594263682,131.81683706087614,131.8904784501439,131.96069066629406,132.0179799690855,132.05478591536757,132.06668561318705,132.054403560388,132.02368845185867,131.98247730301273,131.93901567995698,131.90075260778605,131.87366435929403,131.86192671747654,131.86865282317154,131.89601479690828,131.94295948602291,132.00470080555914,132.0744654615523,132.14512733635746,132.21161084612518,132.273182505059,132.33354634705682,132.3991015211518,132.47694680436382,132.5727532617817,132.688750484391,132.82335199716331,132.97226867003639,133.12932023092765,133.28810408561864,133.44286333825664,133.5886261387367,133.72024808410026,133.83292181214603,133.92353891643512,133.99241950778733,134.04459363531151,134.08758062713014,134.12879881138088,134.1729566819187,134.22108829030338,134.2718138154952,134.3224525168415,134.3696586405623,134.40932256212994,134.43518594519963,134.43774994908352,134.40654235852944,134.33297866571417,134.21186619850715,134.0418608360734,133.82668511320827,133.57465614867195,133.2963054709123,133.00296114589517,132.7059010173477,132.41454826743853,132.13472923843864,131.87022847620827,131.62407719662224,131.39818028427862,131.1932490295558,131.0092014751248,130.8469862272139,130.71008010371463,130.60601951259963,130.54651111411007,130.54334242862942,130.60424292732992,130.7310489986068,130.91933871068505,131.15935706538298,131.43783858999996,131.73761585215215,132.0378174990479,132.31574112889106,132.5501734056273,132.72426955431376,132.82698595803532,132.85317529868178,132.8031901970056,132.68232041542785,132.5009493437825,132.273782228225,132.01775475193924,131.75060260770033,131.48808239801738,131.24234476453154,131.02333280065164,130.8378851521025,130.688625841989,130.57386628535784,130.48764188409123,130.42222481094447,130.37102339461444,130.3302455347813,130.299678193938,130.28249073242358,130.28247307923635,130.30257298694613,130.34520151611326,130.4130658480713,130.5095506839129,130.63939871370036,131.37158789629066,132.24410205765855,133.1561141167089,134.06652444947832,134.96521820746875,135.8541387120457,136.73901396100808,137.62622245253434,138.52179394751067,139.43118410372506,140.35929187330254,141.31058849638376,142.28923546092153,143.29913860441167,144.34400717350547,145.42726571796373,146.5519080579054,147.7204122025487,148.93465671274203,150.1958183015082,151.5043364116881,152.85993627571105,154.26168238337283,155.70809754491427,157.19726363297195
"(left_elbow,
                    left_shoulder,
                    left_hip)",25.189281102174586,26.6680044859594,28.135522990991035,29.59035572526918,31.030910920276597,32.455541065561185,33.862590987872025,35.25044631478185,36.61758343980196,37.96262073218649,39.28437182765685,40.581898000150076,41.854538298424245,43.10190363994697,44.32388096655269,45.52066568402494,46.692818665134745,47.84140123173735,48.968171339423876,50.07585166356098,51.16846345356646,52.25164089171906,53.332650352396236,54.41897661578674,55.51241908604524,56.59481293980688,56.800346636044836,56.90608773118989,56.926390421204864,56.87569407923969,56.768155998725994,56.61752954552309,56.43726130952314,56.2403801717463,56.03922172327087,55.84502342741574,55.66741131616352,55.51341812980831,55.38626232364472,55.28578915205392,55.20978218929164,55.15501365642464,55.11819366030484,55.09552651388428,55.0823989805661,55.07265717034259,55.05895324896902,55.034620157947025,54.99486060169144,54.93663987763329,54.85824804901921,54.75888532005614,54.63843139709225,54.49746651279782,54.33695655594114,54.15879975832895,53.96596744698702,53.76231302030147,53.55235170914386,53.33990270395829,53.126165214877005,52.90948030397524,52.68572372491366,52.450389585980425,52.20099491762682,51.93772463455622,51.6634345199552,51.3830771585549,51.10268414812583,50.82811695864274,50.56445269202378,50.316731137535804,50.08958493180253,49.887139982668806,49.71305875443335,49.56967232968404,49.457662011857096,49.37664471687461,49.326209965516526,49.30600909525035,49.314790438631036,49.350289682926885,49.40935513927259,49.48817985678794,49.582403824506876,49.68706742503011,49.79748997900941,49.90996129316022,50.02211324852446,50.13228061009253,50.237496708908786,50.33222514512798,50.409242062573384,50.4615649891423,50.484402201211964,50.47571770905656,50.436715728396464,50.370609172903045,50.28128086549981,50.172773318495686,50.04915809587075,49.91448026997266,49.7723959180513,49.62622982115851,49.48006117540537,49.33858502675734,49.20551410062902,49.08313323749995,48.97202801498453,48.871015909044885,48.77823849680064,48.69206769214691,48.61100139041392,48.533724290721935,48.458758250348964,48.38468165773004,48.31050447794004,48.23549326800128,48.15994799764578,48.08536451957288,48.014183659141736,47.948410176921385,47.88787386054396,47.830174274912814,47.770783583752774,47.704301776110256,47.62656979388923,47.536048511856606,47.43452509181786,47.32733991718081,47.222504289944325,47.13012593973754,47.060815196432486,47.023576985294994,47.02517788909565,47.070711215974185,47.16408857974232,47.30723754716982,47.4998809576376,47.73932440130456,48.02115338181016,48.339807531379634,48.6885647522452,49.05901912438058,49.44161780544238,49.826435439154054,50.20384177337168,50.564851703848774,50.901700477690554,51.20870520565023,51.48286574386255,51.72380223719615,51.933141323118676,52.11321693078543,52.26478634889281,52.38591549870984,52.473496475021804,52.52492860486539,52.53908761600144,52.517590560585674,52.46552056517655,52.390422584643545,52.30096061659313,52.20590388961247,52.113467012824785,52.030642834792616,51.963176609573964,51.915367065299364,51.89039403467997,51.89008181631614,51.91524750825933,51.96580637970758,52.04086458626416,52.138698297779065,52.25661395669258,52.39087269104067,52.53705449514574,52.69001858324356,52.84408543398111,52.993589947637275,53.13376768748101,53.26145551834908,53.3752730297373,53.47632580398684,53.568318340552544,53.65511957704683,53.738450735483504,53.817405667617585,53.88871637993901,53.94805907350816,53.99224624492666,54.020211747484524,54.03344524546543,54.03539051788226,54.029926724976605,54.02008211011068,54.00779808414235,53.994472515154314,53.98124836717189,53.96888949902137,53.95722161142726,53.94471901425213,53.92883954271227,53.906307158205706,53.87377169974838,53.82919300126371,53.77194512058604,53.703014440604534,53.62548129671835,53.54400162803172,53.46418215628671,53.39254955470544,53.33683526894654,53.3047347318001,53.30233153235736,53.33315334512153,53.39786709387026,53.493408511503524,53.613171538894264,53.74781507102731,53.88706444526322,54.02101540887615,54.14157447016565,54.243360541402524,54.32362153181026,54.381218888030304,54.4160408101655,54.429719101504304,54.42505763499467,54.404926683041055,54.37160323660483,54.32608072332489,54.26760400909473,54.19331014335623,54.09921350558827,53.98181019278073,53.83970137544712,53.67421623975747,53.4891190591628,53.2902338827722,53.08446556672083,52.87966732849922,52.68431462854279,52.50695357930472,52.35542124182566,52.23578498068158,52.15147760899776,52.10235171367075,52.084858477992995,52.09337032193278,52.12145138463586,52.163082930659755,52.213861028082306,52.271256491977994,52.33457785817333,52.40383141091351,52.47943226885128,52.56212807623969,52.65215923745899,52.749494009062836,52.85354160509583,52.96188977336904,53.069542392533336,53.16951645124707,53.2548061908133,53.3202073957594,53.363310272842455,53.38461878789795,53.38734219384037,53.37660851464133,53.35877548261482,53.341512317923474,53.333470354584975,53.34309573392867,53.376603485553225,53.43662081983854,53.522174679672155,53.628103868538375,53.74551048845994,53.86439151467971,53.97522887813099,54.06979795737237,54.14205815187637,54.188591054718074,54.208103556999305,54.20056979779807,54.167924944865774,54.11378890931351,54.04266812894147,53.95982259080746,53.87037993941025,53.77772096969039,53.68242560778213,53.58315234849704,53.47828290450417,53.367511270161785,53.25239386466599,53.13576600179033,53.021484852003454,52.914099437733086,52.81903359414483,52.74265270201407,52.691544634026044,52.671278688318054,52.685539922247926,52.735925782979294,52.821189656965764,52.936806870812546,53.076653446334916,53.23394904799012,53.401828168383986,53.57475253420458,53.7491161007857,53.92299445976954,54.09538492224827,54.26608125311871,54.43471766348543,54.600295325781175,54.761324592492706,54.915494652208814,55.05911253214859,55.18680361462939,55.291922510805634,55.36813728278507,55.41082782511373,55.41833623440509,55.392404404811685,55.337439099954594,55.260328787692515,55.169937682564765,55.076432361173275,54.99065849438297,54.923115380526596,54.88213307507033,54.87273322929347,54.89628465691957,54.94962200961237,55.02518976921273,55.113303035280055,55.20405732544336,55.28824526457822,55.35900101740566,55.41229461589654,55.44617360114748,55.45949147167593,55.45188487141215,55.42411553519972,55.37798098041547,55.31610510391394,55.24084012608384,55.15326263651611,55.05328351788397,54.94023549921353,54.81409519154522,54.67644406374983,54.53066530307066,54.38137437350943,54.23392581002295,54.09379658047408,53.96652415531341,53.8581667253535,53.77436620623366,53.719510856037225,53.695820583823476,53.702665825117364,53.736236720556604,53.78945856765151,53.85375445254223,53.92064105098038,53.98268391465581,54.03442824212965,54.07286087238754,54.097690132793986,54.11065257701375,54.11408681701826,54.1108358446005,54.10425325051558,54.09771011722809,54.09454369009995,54.09732759459212,54.107790933722,54.12564795524027,54.14829760727453,54.17214601081703,54.19345104111082,54.208640516569716,54.21470062029445,54.20955769666159,54.19162249055884,54.159680425302895,54.11419405014966,54.057749723440324,53.99388755777687,53.9261429062087,53.857065229817515,53.78724078986813,53.71530413926281,53.63866518768236,53.55414162030107,53.458954475623216,53.352119330272956,53.23485585795879,53.11017162942403,52.98237549481138,52.85562448063558,52.733177170695114,52.617344777518184,52.5103461861095,52.414326210705184,52.33083716994753,52.260000135562066,52.199740947644344,52.146721672721156,52.09768653866221,52.05080505245064,52.00598857490726,51.96418692081204,51.926879827847216,51.89566202322857,51.87227861781034,51.85969557879761,51.86291563558214,51.88729570817128,51.936934988864294,52.01445946619733,52.121155884525095,52.25580321811602,52.41477938650833,52.59344695601406,52.78642166541702,52.98767187617082,53.19159945080682,53.39424626856379,53.592320005202595,53.78240300262155,53.961339217152826,54.12630767477853,54.27489713735155,54.40431388527542,54.51090647209393,54.589237045409526,54.63183685704041,54.63160400443635,54.584388783889565,54.49008000852618,54.35247480654401,54.178637479689755,53.977673723844205,53.76118543951593,53.54287697726828,53.3372527583833,53.15786347495224,53.01588363558544,52.91917882123126,52.872346882740835,52.87714759416215,52.93269311441634,53.0347198470416,53.175745913065356,53.346383042287556,53.53600910466028,53.73435832017185,53.93277537714903,54.123552556952376,54.30048139685459,54.45949924738591,54.598759975598306,54.71876214954066,54.82154417036224,54.90937274781051,54.98377849340929,55.045054583464974,55.09224469977275,55.12454802827389,55.14164328585619,55.1432473092006,55.1286628881698,55.096573849031984,55.04437758750015,54.594861531307956,54.0488884698501,53.477386991700925,52.909369525532455,52.35197519480218,51.80373918468095,51.260418261955635,50.71724093198088,50.1696542351593,49.61350169963089,49.045050268721326,48.46090642646183,47.85793849757192,47.233253446996514,46.584170780670604,45.90824968792356,45.203355076466835,44.4677187640666,43.69998753086253,42.89928772621937,42.06525438966327,41.19802630101924,40.29821424437432,39.366816939433534,38.40514979867817
"(left_shoulder,
                    left_hip,
                    left_knee)",171.24608035870386,171.07852546254244,170.9136361099993,170.75154536354083,170.5923678711085,170.4362018830086,170.2831277108475,170.13320523815537,169.98647350920032,169.84295353503578,169.70265149061927,169.5655618064756,169.4316710993693,169.30096209037194,169.17340939645177,169.04897232977606,168.9275872573874,168.80915161835904,168.69350685480842,168.58041389781008,168.46953578291235,168.3604585184478,168.2528241708263,168.14684437718762,168.04451332579407,167.95135652595548,167.948402214149,167.95463007645014,167.96839778104317,167.98798673329514,168.01165375132638,168.0378248678485,168.0653766033609,168.09387552451435,168.12350434657296,168.1548471652762,168.18862648963943,168.22550278470078,168.26594265006898,168.31018231447928,168.358363002241,168.4105508528433,168.46653984965906,168.52573019335458,168.5870003196613,168.6489166100504,168.70995429732162,168.76867420898967,168.82401509489347,168.8751175011876,168.92104496547097,168.96085397947087,168.99376227014452,169.019343442952,169.0376739126793,169.04948985222038,169.05625644066254,169.06005836370105,169.0631601681577,169.06746732053423,169.07405492693948,169.08317075744142,169.09478719647296,169.1090732004649,169.12655075107074,169.14814199980606,169.17504145199095,169.20842706779118,169.24917331000793,169.2976074253273,169.35351622241785,169.41625630515102,169.48489806628078,169.5582344078098,169.63483290104767,169.71300295206723,169.79073365122085,169.86591994498062,169.93672388195264,170.00181055885687,170.06057741101458,170.1129959632648,170.1593927897228,170.20029019886368,170.2363009111212,170.2681793063886,170.29684972787626,170.32336899722657,170.34875409211153,170.3736345354991,170.3978755518845,170.42050767370475,170.43988898311372,170.45411530535833,170.46152662390256,170.4611284805494,170.4528648276213,170.43758729180774,170.41676874623192,170.39214371508402,170.36539530760652,170.33803466852234,170.31138240401538,170.28642884639942,170.263710627554,170.2433454391892,170.22502223680743,170.2080571845189,170.19160683481212,170.17500065365005,170.15802578806645,170.141025424459,170.1246606505206,170.10957960403834,170.0961984159837,170.08461313747082,170.0746303602369,170.06599092518601,170.05860292765902,170.05263784421967,170.04843931060995,170.04625165283716,170.0459295058266,170.0467037240711,170.0472616133781,170.04615517863692,170.04216374839152,170.03444352816047,170.02246315370255,170.0058333471163,169.9841724775555,169.95700968216343,169.92385533297116,169.8843075904821,169.83828219873857,169.78611100112005,169.72852930799718,169.6664895798994,169.60083911769178,169.5321817282462,169.46126668924578,169.38926426285107,169.31771407301804,169.24843652852226,169.1831840323163,169.12322694524096,169.0691733831203,169.0208868817727,168.97777526473416,168.93909106234295,168.9041454512881,168.8724049762977,168.84348078264554,168.81707059247543,168.79283427136912,168.77022058901656,168.74858082309956,168.72760034047553,168.70743837768484,168.6886763012041,168.67207040475392,168.65832428543428,168.64789849580623,168.64083201805335,168.63679666970725,168.63549030950887,168.63684462528212,168.64093811861702,168.64780070203494,168.65724684251813,168.66868997699794,168.68117640714104,168.69379207993023,168.7060176537685,168.71786111969323,168.72970909874272,168.74200235462482,168.75514855066064,168.76941681965548,168.7848290638402,168.8012831691825,168.81869855647122,168.8370894793248,168.85650360360907,168.8768642601549,168.89764140693688,168.91768220954532,168.93555568517286,168.95014364559975,168.96112630746424,168.96897660947326,168.97443447460702,168.97820595469346,168.9808228225895,168.98264628685587,168.98418515780676,168.98613308273139,168.98914961474597,168.9936885311396,168.9998287724989,169.007036413448,169.0140596713246,169.01928905862908,169.0212709781776,169.01916325328318,169.0129355659708,169.00324628688932,168.99103314285006,168.97714912516503,168.96232332418126,168.94721260970746,168.93255525686797,168.9192726717779,168.90845923246954,168.90116407716488,168.8978459077472,168.89795726354873,168.90022408346204,168.90341322419482,168.9067725863469,168.91022171289794,168.91423907411735,168.91943462068792,168.92606655539424,168.93408250090795,168.9434078583365,168.9541492580461,168.9665396430985,168.98083580928338,168.99708651982368,169.0148336920617,169.0331556007153,169.05083789651022,169.06656629206037,169.07921268734702,169.08816749090406,169.09361877272787,169.09654917958898,169.09827137376513,169.100044767934,169.10296315965843,169.10798291212419,169.11607171424023,169.12825260380762,169.1453578828731,169.1674881169567,169.1933721419354,169.22087215618083,169.24772432646455,169.27199510479025,169.29234409823565,169.30815319864007,169.31931334901216,169.32579995260352,169.32761788934937,169.3251214093028,169.31912703047,169.3109371795982,169.30218051080703,169.29429319109965,169.28804699634915,169.283499872403,169.28022952979026,169.27764193633874,169.27520788457628,169.27277018283843,169.27075493825248,169.26997974117992,169.27122488650784,169.27489184383663,169.28112879872725,169.28995891824812,169.301504067642,169.31598742376255,169.3332911305472,169.3523865041193,169.3714061533024,169.38820321863085,169.40111884665114,169.40943773265116,169.41362489342663,169.41507261252417,169.41546681953616,169.4163416879841,169.4189163672444,169.42410903537782,169.43263840405652,169.4451498900309,169.46200017104115,169.48306284739886,169.5075206204926,169.53402098333737,169.56088390492923,169.5863674954481,169.6088621160014,169.62719456837308,169.64093614663236,169.65044299789753,169.65633159655002,169.6592590629512,169.6600334021203,169.65974583326502,169.65964290902244,169.66077923184523,169.66356881481627,169.66757579721107,169.6715968709402,169.6742131606494,169.67409984860618,169.6703479983659,169.6628021996873,169.65192605232713,169.63836782111417,169.62274458742974,169.60571822309132,169.58803297870173,169.57052266692114,169.55400215069199,169.5389176494124,169.52512581469767,169.51191286836726,169.4982533780164,169.48309464956938,169.4656097237782,169.4454942904282,169.42319788246047,169.39969327034456,169.37595554176704,169.3526759904799,169.33026727149507,169.3090211795818,169.2892108048745,169.27109453514728,169.25470501112935,169.23951262102673,169.22452626347206,169.20874798193813,169.19172539255456,169.17370839332585,169.15574260942185,169.13943202356091,169.1265083155324,169.1182376914446,169.11530783423086,169.11793544404688,169.1261785381447,169.14013093631357,169.15966653059846,169.18399426015023,169.21168886145577,169.24098722675288,169.27007962004558,169.29741149487452,169.3219407447538,169.3432828039988,169.3616143367038,169.37729793680978,169.3906441814696,169.4019152082771,169.41148776776942,169.41999150838683,169.42830489379404,169.43733554293095,169.44741253643969,169.45783427504605,169.46700251794704,169.47298064126934,169.4742841500276,169.47035887702043,169.4616999788357,169.4495589797186,169.4354866151019,169.42088237532732,169.40694007761354,169.39473868116715,169.38518508005774,169.37898271334194,169.37662273824643,169.37809333255174,169.38269948102067,169.38933376340648,169.39696961206292,169.4049482796405,169.41317233369566,169.422144078304,169.4327731681254,169.4458511215824,169.46173720277145,169.48029064637316,169.50129344610235,169.52476058269727,169.5510521101142,169.5808387787061,169.6145881533924,169.65193732649945,169.69163210149685,169.73177994181236,169.77041989978943,169.80625986908797,169.83892031979062,169.8685518675084,169.8955325507966,169.92028711834246,169.94317635787405,169.96451022750446,169.98460426721846,170.00373519441686,170.02203854735154,170.03928071965575,170.05464886476648,170.06693155053657,170.07509764567288,170.07862554199835,170.0777429904597,170.0735649392033,170.06775072114206,170.06188188088672,170.05700252559907,170.05340298378403,170.05090405151554,170.04919580208724,170.04791230970466,170.0464874857517,170.04392266852767,170.0386329332041,170.02881842309898,170.0129821729297,169.99034653078652,169.96099719737873,169.92592106727054,169.88674887480335,169.84521737810013,169.8029142716337,169.76140581391212,169.72235554912126,169.68738165062547,169.65784335186072,169.63456657063816,169.61770457960762,169.60682490337757,169.60099694620163,169.59899016616527,169.59952385735238,169.60153403135843,169.60452561069263,169.60860916239187,169.61418633697326,169.62161204299633,169.63098401192022,169.64209116818043,169.65447065948953,169.66735136406288,169.67969097196394,169.69047026416973,169.69899577458668,169.70502149157525,169.70871307322903,169.71062771130664,169.7117137294672,169.71330944092495,169.716953601177,169.72402648122514,169.7355882244094,169.752600436802,169.77587779764903,169.80597076220397,169.8429034028496,169.88590839937322,169.9333685894031,169.98298263042233,170.03218490485756,170.07860144865035,170.12039212978698,170.1565430418007,170.18690522361032,170.21197814172473,170.2324535797736,170.24907534631788,170.2626438517656,170.30359566445327,170.34197677909768,170.3781064047948,170.41290070649796,170.4473001319583,170.4820768432641,170.517825239537,170.55498470096967,170.5938737048767,170.63469458434605,170.67754516852182,170.72243478691237,170.76929884685052,170.8180259625016,170.8684812542416,170.92053145733266,170.97404949519267,171.02891593457863,171.08501014009494,171.14221164308236,171.20040117200085,171.2594623594505,171.31928511893807,171.37976713665518,171.44081469234922
"(nose,
                    left_hip,
                    left_ankle)",176.23303863993308,176.32386914321248,176.41336501487532,176.50147716767682,176.5881607091995,176.6733736023976,176.75707898675202,176.83924636404996,176.91985156538382,176.99887442550687,177.07629472270352,177.15209141036868,177.22624243875774,177.2987222357061,177.36949893085966,177.43853395916724,177.50578684681662,177.5712240673586,177.63483468853573,177.69665032240647,177.75675677891726,177.81528230056608,177.87233573957215,177.92772521540553,177.98043052395732,178.0278791610167,178.02832299370064,178.02361964917694,178.0144763987969,178.00185043035881,177.98685410239213,177.9704942797514,177.95351270195053,177.9362386020285,177.91852971945323,177.89983907927,177.87951466805143,177.85723677231346,177.83317117314763,177.80780184039995,177.78170484408835,177.75520784550844,177.72847914676314,177.70165213416027,177.67490025602288,177.64841912141924,177.622387707014,177.5969726147449,177.57210482627693,177.5478245540099,177.52406283718233,177.50078371344634,177.4780599873943,177.45600902051083,177.43469024558144,177.41388908866568,177.39308563497266,177.37159045792848,177.34837265891878,177.32230577748197,177.29260818317636,177.25928011770472,177.22288277539505,177.18406900467096,177.14320086306918,177.10006177322262,177.0539276778329,177.00391084751854,176.94926748938957,176.88981396111646,176.82598299840785,176.75863435383096,176.68871683730802,176.6171483921709,176.5449115312922,176.47317643679145,176.4032894579505,176.33662273113953,176.2742587147287,176.21689765485598,176.16484045398292,176.1183075999552,176.07760135241955,176.04308877662135,176.015112995573,175.99386073991124,175.97908973160781,175.96990558554774,175.9647341972658,175.96179141403695,175.959834565479,175.95847039657065,175.95830551328257,175.96046560103605,175.9660944422723,175.9758984615994,175.9897152217845,176.00646406651236,176.02447127799257,176.041922092091,176.05713280472247,176.06872133250698,176.0755289503822,176.0765874526611,176.07112651302864,176.05861852891326,176.0389950747829,176.01274327232608,175.9808786971111,175.94483130319105,175.90620348058226,175.8665429851371,175.8273285836393,175.79007318124692,175.7563713489155,175.72789482352871,175.70620017455707,175.69243383227598,175.6870448483187,175.68957854020923,175.6986496178829,175.71248917026932,175.7296172599921,175.7494693407867,175.7723219463095,175.79883002544415,175.82955917586133,175.864806449973,175.90450163937416,175.94837391595604,175.99624366920938,176.04828934875846,176.10504504804473,176.16738931748404,176.23633559861858,176.31267873844007,176.39669317032323,176.48806634823129,176.58605377182147,176.68952293236066,176.79697682087001,176.90654892133946,177.01616226476506,177.12366410221415,177.22705646428864,177.3247753889033,177.41586716506734,177.5000583838028,177.577476009801,177.64825339984608,177.71228487481156,177.7691948642639,177.81849714284917,177.8599599976573,177.89404864333943,177.92203491210475,177.9455248427712,177.96616555773164,177.98528444738562,178.00343735208236,178.02035309010827,178.03519939364895,178.04702605686055,178.05524887914888,178.05991067061493,178.0617288648023,178.06173147240708,178.0609017183036,178.0598966271579,178.0588839277024,178.0576576591608,178.0557913467674,178.0526970946928,178.04760480024711,178.03966922136289,178.02826377598439,178.01327732274444,177.99518810610581,177.9749488237767,177.95383538829984,177.9330971874013,177.91357170796434,177.8954019038922,177.87803852137097,177.86053753218306,177.84233719495728,177.82384020995755,177.80629003092014,177.79117891590604,177.77960314822707,177.7719234627155,177.7676957119062,177.76597611112342,177.76576326218833,177.76636256499586,177.76755966306462,177.76948238120767,177.77235475763015,177.77628192885794,177.7810596558149,177.78638622297547,177.7920704890177,177.79805557396392,177.80427107743247,177.8104331895491,177.81596356910214,177.82021836903976,177.822775758487,177.82341176274727,177.82235854369313,177.8202912741082,177.8178671168505,177.81531134977115,177.81214525642048,177.80721540132845,177.79922141087283,177.78735817604576,177.77159608965508,177.75250975055314,177.7309969061909,177.7079603704601,177.68404209246577,177.65957466276328,177.6346955196918,177.60948477367353,177.58401160547135,177.5582702244487,177.53211123556488,177.50525151408567,177.47724978631675,177.44765010311934,177.41622126777804,177.38311932172672,177.34898158615613,177.31467420335662,177.28099470394125,177.24836465046647,177.2168898788485,177.1867774840906,177.1585859464116,177.13311085477358,177.1110157652342,177.09239278174854,177.07643927800325,177.06161024077787,177.0463018480007,177.02969072989416,177.01169710096562,176.99271289704043,176.97338677585643,176.95452006791402,176.936750211669,176.92056604974513,176.9064460270883,176.89493694447108,176.88656830484908,176.88152370146753,176.87954449731322,176.87990604652327,176.88155131869846,176.883344778,176.88447292407855,176.88468632736024,176.8841742968198,176.88330956135977,176.88228006839725,176.88080095758895,176.87828520560484,176.87430241151196,176.86878914684496,176.86191896359517,176.85385089502694,176.84440035669473,176.8330271966656,176.8193337284788,176.8036622463368,176.7870067652826,176.77059584810385,176.7555324934814,176.74259582124145,176.7321199157532,176.72389559267455,176.71739139490722,176.71208118774803,176.70760409685224,176.7037793825888,176.7004738538117,176.69739011506593,176.6939011581494,176.6892222561127,176.682697173963,176.67408684336488,176.663837400194,176.65290909566437,176.64256070121647,176.63389447710608,176.62745742110266,176.62335552106705,176.62183915738336,176.62333574453598,176.62803923706207,176.63559660797597,176.645059047578,176.6552358714462,176.66516924441686,176.67438303282236,176.68280202413007,176.69066772726788,176.69832858954396,176.70608118808616,176.7140131198332,176.72204333753237,176.73012195224206,176.73833276308727,176.74699710279424,176.75656724760938,176.7674770903901,176.7796853073708,176.79271707324875,176.80593533942255,176.81884142040633,176.831327911462,176.84365323394968,176.85619708060662,176.86914645949076,176.88216198875986,176.8945854918219,176.90603628248442,176.91664988026758,176.92676255736765,176.93649308667037,176.94573683275482,176.95431568738016,176.9620449014651,176.96905998673236,176.9758313571633,176.98292403288923,176.99081465667504,176.99982762187807,177.01005116136358,177.02122577401775,177.03290114643272,177.04462759151716,177.05611695960084,177.06736990599316,177.07849596999677,177.0895085297782,177.10014839862473,177.10993394464583,177.11841359950978,177.12546878013902,177.1313932525698,177.13665367815244,177.14160531432756,177.1462336186585,177.15028868215828,177.15372657974217,177.15699915999386,177.1608275123145,177.1657981359298,177.17206162812963,177.17907393374753,177.18565113151362,177.19059197964123,177.19326122788001,177.1936348429331,177.19219248261382,177.18973943188698,177.1872361534218,177.1852824068089,177.18393739433827,177.18269804656094,177.18069996474756,177.17707240232852,177.1712094320751,177.16281604123495,177.151786318953,177.13804864612243,177.12156738435897,177.10245270065863,177.0809820800903,177.05749121364423,177.03224544190707,177.0053723921946,176.97702040231854,176.94741908321288,176.91722521220836,176.88763202756357,176.86017124087942,176.83625055365272,176.81673165415543,176.80162934347544,176.79008513996496,176.78080647115968,176.77273314142514,176.76550052416002,176.75949108915492,176.75567943193786,176.75512907459583,176.7585117261153,176.76590050305077,176.77676487742653,176.7902499976006,176.80551766596795,176.82195865504764,176.83918068513074,176.8570178345908,176.87544028381168,176.89432124284644,176.91348337060936,176.93272240715805,176.95177721001528,176.97042443903112,176.98829469979626,177.00461876482169,177.01858689779,177.0297897529331,177.03832955860565,177.0447567886156,177.04983726980234,177.05410456018708,177.0577862142951,177.0610087619731,177.0639275664412,177.06681776720717,177.0698907686216,177.07316024487642,177.07642174154057,177.0793205593418,177.08133859677304,177.08177651953577,177.07990152347713,177.0750802009314,177.0668022499926,177.0547216578206,177.03859090406533,177.01813433356148,176.99310012736356,176.96339481160012,176.92928908462952,176.89168566476013,176.85202608835806,176.81199647321864,176.7731153539557,176.73638923743465,176.70212126649267,176.67011800981285,176.6399948919615,176.61129590462204,176.5836816220897,176.5569526918165,176.5311650295388,176.50661687670828,176.48343711667547,176.46132663968956,176.4396013867419,176.4175049287164,176.39451394818528,176.37063032585718,176.34649331024343,176.32322412147172,176.30227349956675,176.28517275347278,176.27317881777694,176.26713950145728,176.26741932026664,176.27381329851505,176.2856963960909,176.30227208825409,176.32287449011852,176.3470643049665,176.37460564055147,176.40515318148493,176.43809690563458,176.47268514114035,176.5082856203025,176.5446727080206,176.58197000346877,176.6204330148813,176.6491859285961,176.67955850115004,176.71200849625575,176.74631917454923,176.78208713317363,176.8189128053685,176.85644150463582,176.89434295728427,176.93230031290156,176.97000623434727,177.0071829771631,177.04359385992996,177.0790536035579,177.11344165418674,177.14669386799537,177.178801039747,177.20978707527013,177.23970513826296,177.26862418964123,177.29662129548598,177.32377166080198,177.35014221282825,177.37579349554665,177.40078032460156,177.4251521549144
"(left_hip,
                    left_knee,
                    left_ankle)",174.56800004040903,174.63532300269563,174.70322445903193,174.77163935239238,174.84045993399195,174.90954141152247,174.97871004936974,175.04776835110164,175.11650349703532,175.18469729566553,175.25213373439902,175.3186138745783,175.38397554089914,175.4481142406131,175.51098970182278,175.572632641414,175.63316126331532,175.69280163993923,175.75192404992012,175.81108223094571,175.87105046466007,175.9328886615324,175.99807054172956,176.06876337491474,176.14823698788564,176.2409013336072,176.33716677207488,176.43447073126313,176.53063599934347,176.62299901515038,176.70882913328538,176.78563461429445,176.85127419297436,176.90389587972712,176.9422108965615,176.96567775119024,176.97450729702118,176.96915963863782,176.95023674370526,176.9184010105408,176.87431728649912,176.81938553170846,176.75587029542564,176.6867381226324,176.61544339314943,176.5453444912068,176.47885101515595,176.41707168511897,176.3598994116569,176.30622027463872,176.25408248598177,176.20127202114114,176.14574199714457,176.085763803415,176.02022644660659,175.9489292381153,175.8726874446455,175.79316021043672,175.71263270285345,175.63418080948207,175.56116099035876,175.49660593077883,175.44264884899428,175.40016159941177,175.36891182326997,175.34791742303895,175.33572942668377,175.3307277025362,175.3311653395684,175.33502607728806,175.34016973845175,175.34441311910277,175.34600379268304,175.343928275832,175.33801753601674,175.32887840224856,175.3179728731359,175.3069849462044,175.2972970763979,175.29019030466324,175.28666400074292,175.28715391818466,175.29168635558054,175.30006638652705,175.31190851842885,175.32650755909114,175.34317890752948,175.36173614980729,175.3827588439102,175.40695772317932,175.4350167556918,175.4675504379992,175.50463288843338,175.54583678376767,175.59018202975167,175.63623224923063,175.682576843807,175.72853497809163,175.7740961737519,175.81968885921404,175.86601940169547,175.91398438010629,175.9643463121341,176.01792544629313,176.07575685923902,176.13898680527493,176.20865274413035,176.28521635892923,176.36801273220908,176.45525908839667,176.5443887641889,176.63267180293536,176.71748087404518,176.79647537086032,176.86777973061334,176.93006799311217,176.98262274694972,177.02529718997812,177.0584147642601,177.08295708330078,177.10058797956833,177.11332445356544,177.12348595270572,177.13331703654748,177.14459392658338,177.1582971228015,177.1746011822837,177.19296080286446,177.2125202060411,177.23228273426693,177.25104535197485,177.26720102210794,177.27871939578438,177.2831466667897,177.27771868807463,177.25996272517096,177.2281233984947,177.1815570262833,177.12119250086948,177.04945642852445,176.9695503195564,176.88454212831388,176.79682629700085,176.70808815782004,176.619507217774,176.53206507391462,176.44674260697832,176.36462103250057,176.28672783660085,176.21400169654947,176.14737800567852,176.08793285507645,176.03681036197116,175.99481451600911,175.96224476473625,175.93874069362923,175.92303718046963,175.91320139829432,175.9070975173855,175.9029208068119,175.89925455677727,175.89517496484353,175.89022695441275,175.88417777536304,175.87640452714356,175.8652472235675,175.84829965718143,175.82335165846075,175.78930804404087,175.74677804645768,175.69811600925823,175.64662765696528,175.59560475906997,175.54759551425224,175.50410260011662,175.46571627187367,175.43227296528553,175.4028534173817,175.37609887422627,175.35059083594336,175.3249270119325,175.29798982146747,175.26950544927803,175.24039062103685,175.2127203957213,175.1888091697196,175.1704419033118,175.15855605248782,175.1531065782734,175.15312591510084,175.1573924748484,175.16522063376144,175.17656873234,175.19194935159717,175.2118165704832,175.23577021523107,175.26238603338106,175.2900228430732,175.317427623511,175.34446805915698,175.37223254485738,175.40227710807153,175.43572113994892,175.47295068611012,175.51367310648618,175.5568995390425,175.60130336915248,175.64547089152484,175.68768006941903,175.7258882599253,175.75778334659782,175.78130572844032,175.79513929026263,175.79929372446458,175.7953427528049,175.78630133551567,175.77596919166675,175.76786880507024,175.76390852028237,175.76400411913932,175.76646789449543,175.76907991245199,175.77021703513068,175.7691684278368,175.76595589014633,175.76079791669437,175.753695774356,175.74470488600355,175.7343984627345,175.72435764387566,175.71738541581348,175.7167071531763,175.7249560820855,175.7437302912807,175.77343718644917,175.81363002669863,175.86341481686682,175.9210776722418,175.98397827252387,176.04863187078143,176.1111194997206,176.1676511169758,176.21529701523923,176.2525773920567,176.27960928752145,176.2979767012091,176.3104617038202,176.32013745227016,176.32936374367122,176.33948401889714,176.350772446653,176.36305318809875,176.37637649502193,176.39101592513487,176.40697699744726,176.42341180527563,176.4388063750539,176.45137767527197,176.4596788784817,176.46326524040353,176.46314642944446,176.4612009148086,176.45931635827208,176.45877648052112,176.460093343155,176.46320478850765,176.46772136860017,176.4730870686374,176.47848040946602,176.48308516284703,176.48606133037634,176.4867828160115,176.48502783957747,176.4811737536061,176.47605325553417,176.47087470160795,176.467066293296,176.46598604894078,176.46813919431156,176.4727518577621,176.4778764019878,176.48124676090669,176.48116526442516,176.4766718732709,176.4672942737233,176.4528362516442,176.4331031904449,176.40801263726183,176.37834189325255,176.34592185598842,176.31368662853933,176.28492215349482,176.26263824885652,176.24906805909924,176.24560066188803,176.25302861179878,176.27163064842668,176.30086270644045,176.3391973555637,176.384352758913,176.43371051496098,176.48462073452393,176.53462403352407,176.5816837308867,176.62455039979042,176.6628582030906,176.697187537666,176.72826331641906,176.75651366410054,176.7818519127601,176.80350564381095,176.82014103180506,176.8302146029257,176.83235547188943,176.82543127667046,176.80864414767385,176.78180562527575,176.74602632070238,176.70392926291836,176.65924794858154,176.61571042896557,176.57632597124098,176.54300980405537,176.51651619899502,176.49661340622973,176.48248738863583,176.47268572512337,176.46517122689858,176.45762620843783,176.4480927292818,176.43529959599715,176.4185564459308,176.3973216906291,176.3716899512585,176.3425495496441,176.3113482389056,176.27983145455204,176.24923439225824,176.22008128776824,176.19195877666917,176.16405903177562,176.13552044009037,176.10592726835839,176.0750783473968,176.04281920485616,176.00874924087938,175.97241288803045,175.9341899263011,175.89589309335588,175.85999223151398,175.8288964733742,175.80449516222973,175.78794972121344,175.77970538408982,175.779530134234,175.7865314899487,175.79919600895607,175.81534196798538,175.83255571789235,175.8484786220843,175.86105566356517,175.8689687328182,175.87209529576484,175.87173481140692,175.87022890460952,175.87062760165463,175.87590598600167,175.88765534373545,175.90545980353048,175.92768222749618,175.95245957797064,175.97859319889668,176.00547079085254,176.03257929734525,176.0592960535774,176.0850480481545,176.10943221616557,176.13246496305703,176.15484745088793,176.17795062974324,176.20313194365696,176.23128678059095,176.26295785088806,176.29834832857316,176.33697174360793,176.37782328057605,176.41951608210624,176.46055078214533,176.49983710980047,176.53655285793639,176.57015260852313,176.60041879972854,176.6276367953257,176.65271892553886,176.67703190325037,176.70198527970416,176.7285768693737,176.7568505597941,176.78548859004584,176.81227164659288,176.83525696631298,176.8529547878598,176.86446733680225,176.8695353950693,176.86828234110612,176.86088162673576,176.84737607059517,176.82791636314633,176.8036805821266,176.77694914048723,176.75019376314455,176.72541643860902,176.70403893760127,176.68673188806176,176.67337366093392,176.66292085517586,176.65371009450791,176.64412985380588,176.6331854698485,176.62030692392148,176.60504268544696,176.5872746538353,176.56709453574905,176.54509885476628,176.52275666794935,176.50215372378074,176.4854608242417,176.47428881474482,176.46924395286558,176.47000648205633,176.47595842633768,176.48682802122568,176.50250266669113,176.5226172502956,176.54613342731832,176.57157273400713,176.59787233031068,176.62490560733193,176.65351192036704,176.68500175901357,176.72066925500778,176.76149105922894,176.8077779946795,176.85909790037346,176.91447074250547,176.97244640328086,177.03120799028824,177.0887090420912,177.14280935574723,177.19153421783454,177.23335766438117,177.26715331265797,177.29231339968194,177.3089317211975,177.3177033819735,177.31968679270892,177.31611713601242,177.30804552191546,177.29583040921625,177.27865683889172,177.25531567478964,177.22500197197178,177.18685785393342,177.13961588484617,177.08221000068642,177.01400686390892,176.93543912737778,176.8482134707527,176.75535560499256,176.66085600657,176.5689831285143,176.48372711878304,176.40838267847292,176.34543839356812,176.2960434037964,176.25977852076414,176.2350167879331,176.21950417014395,176.21081432575102,176.23284866526913,176.26856145193398,176.306004982227,176.34020246451695,176.36969090294733,176.3944303144728,176.41491926407093,176.43186284209497,176.44605989176978,176.45838741160892,176.4698035887998,176.48129388455934,176.4938481035736,176.50840412486042,176.52579529969557,176.5467191373361,176.5717157919125,176.60118734107232,176.6354130323428,176.67456427410787,176.71871388790282,176.76784764638975,176.82188038109157,176.88066850343986,176.944020741363
"(left_elbow,
                    nose,
                    right_elbow)",37.92112609757836,39.7350201295429,41.54383682784827,43.34607045922375,45.13995798712024,46.923529399793296,48.69465722042122,50.451105916038244,52.19058306587849,53.91079117878182,55.609483114627324,57.28452152844342,58.93393499893702,60.55596799816124,62.14914695347453,63.71237722512266,65.24507632522467,66.74735942735663,68.22027060849463,69.66610373185561,71.08884374301581,72.49481198323912,73.89337975215099,75.29702232802765,76.71812362370414,78.15761474618111,78.64333783184796,79.0301640619243,79.33545201270367,79.57570049735581,79.76630174841372,79.92163088357826,80.05574032383862,80.1825461895091,80.31511598545654,80.46465189168072,80.63982626705203,80.845978433907,81.08417827483582,81.35143163037122,81.64206261593512,81.94869847282969,82.26282434690424,82.57438984370813,82.87200432845611,83.14409161214029,83.38110342500875,83.57723169829359,83.73099535124192,83.84436242205093,83.92133288434435,83.96621096420606,83.98261636830308,83.97336579509933,83.93987920137161,83.88259310352976,83.80203154742529,83.69930157886222,83.5762053781769,83.43416393832247,83.27291339631097,83.09024962231558,82.8821762670255,82.64508616462348,82.3784800293394,82.08567624263021,81.77293478474114,81.44767507095227,81.11802414433275,80.79252955170321,80.4789545315461,80.18416640334613,79.91357483022213,79.67114989609834,79.459470981504,79.27907379424417,79.12868906376542,79.00684966637604,78.91336303056238,78.84914581356813,78.81508260143777,78.8111563312247,78.83563165175885,78.8842715477345,78.95055430239283,79.02674376111567,79.10527490969625,79.17986557139568,79.246409029428,79.30285959425413,79.34763240180703,79.37782232672009,79.3893736305575,79.3781474940655,79.34161070535376,79.27952240749879,79.19449700018878,79.09140272815307,78.97653878752175,78.85671850529502,78.73842246267374,78.6270744927408,78.52658867275905,78.43926560269607,78.36686001552323,78.310900874946,78.27139723281527,78.24625792049594,78.23192896362184,78.22439017444985,78.22104194589365,78.22116323065748,78.22533882427739,78.23484085850052,78.25013158992114,78.26989195455815,78.29110648158274,78.30938758936692,78.32037285256206,78.3203030806319,78.30719009145699,78.281710431462,78.24508009605675,78.19743608845076,78.13711391658472,78.06170841079543,77.97046803609518,77.86626142753755,77.75594664820912,77.6497811377809,77.55993641645375,77.49915425273042,77.4795857037911,77.51100750203854,77.60024541990553,77.75153003567226,77.96681511295824,78.24509499564601,78.58180711143653,78.96909054580686,79.39764927233817,79.85820050233943,80.3420676589891,80.84088370362178,81.34670984707327,81.85146043187626,82.34615516222041,82.8204983719844,83.26375141458232,83.6660248414882,84.0198815100081,84.32159663020457,84.57151403316098,84.77235497548432,84.92639026944582,85.0338920630308,85.0944313626444,85.10802114200159,85.07619202913912,85.00333470104121,84.89742016089494,84.76908244771315,84.63014710408049,84.49204790546074,84.36547651339649,84.2595375780613,84.18188612404677,84.13880064144965,84.13538794203663,84.17460638820901,84.25695317326065,84.38006168008155,84.53979668568803,84.73217663517465,84.9540779230177,85.20285828893469,85.47516591589715,85.76531678837324,86.0646160653894,86.36241464051415,86.64771134704435,86.91067826382096,87.14429495431122,87.34561284862922,87.5162409409464,87.65973137902877,87.7788832166948,87.87532715964002,87.94958749622194,88.00272907925392,88.03749449026697,88.05786297180441,88.06877942785425,88.0756065043393,88.08325794901035,88.09397622713749,88.10699724913025,88.12004499357073,88.13031004113,88.13456722201053,88.12894353941786,88.10826031207665,88.06694719473776,88.00065604171198,87.90816078861052,87.79239266917168,87.65955350637866,87.51801640759801,87.37758487094706,87.24723102796568,87.1339077091722,87.04324175588856,86.98087858074348,86.95302402356688,86.96595344783859,87.02381420883117,87.12797285610986,87.27561911873687,87.46126930102328,87.67887154280268,87.92296978157822,88.1886477386416,88.47179924945436,88.76832201030743,89.07355991810931,89.38184019144333,89.68703685704156,89.98423260464338,90.26959178146981,90.53999920591744,90.79258442587889,91.0241306419872,91.2307275479863,91.40738924914562,91.54927102812475,91.65320000118012,91.71953916335366,91.75251375668333,91.75859304723778,91.74507683942133,91.71805399128922,91.68321806044366,91.64729758631748,91.61833267319037,91.6043919957153,91.61147355635939,91.64346800113486,91.70055788756402,91.77981305225589,91.87786891212463,91.992309347173,92.1214729335345,92.26389316286901,92.41706417965332,92.57672540920589,92.73688065442616,92.89107171606653,93.03294538495052,93.15639838192507,93.25604519069249,93.32678908040697,93.36345058482274,93.36141587352145,93.31715844896192,93.229506027719,93.10135347511914,92.9405367842921,92.75838186710396,92.56749743567025,92.37868682358956,92.20039436988995,92.04097386319063,91.90970694521236,91.81612288908849,91.76769583995852,91.76697331699391,91.81101555862008,91.8915344624668,91.99651160704067,92.11315364060698,92.22943538062566,92.33454002475071,92.41902818836593,92.47480310917024,92.49490013857314,92.4736236769711,92.40832892841757,92.29967400246696,92.15073741456979,91.9662961404209,91.75147275147314,91.51081315017416,91.24720094633483,90.96269876412993,90.66065788340754,90.34748774206314,90.0328385876648,89.72764789220122,89.4421768248022,89.18400805175557,88.95815182801488,88.76923110570515,88.62247673941596,88.52289724040065,88.47339266771337,88.47424162810681,88.5223408802388,88.61191942788867,88.73707837708557,88.89236075450543,89.072842442026,89.27426408023297,89.49204180071109,89.71989248546208,89.95054250058334,90.17660291860298,90.39079688575245,90.58637485246756,90.75751402623673,90.89902905315154,91.00569384337308,91.07225531379817,91.09350292857334,91.06586472159944,90.98930386301302,90.8687077647391,90.71375466231186,90.5363124404939,90.34823464894512,90.16039969874802,89.983303829553,89.8278176688115,89.70499741190756,89.62365892401522,89.58803281937692,89.5972105742729,89.64534537904808,89.72298849534104,89.81965349866363,89.92628371018253,90.03565624453807,90.14244972339179,90.24242900296173,90.33177897774044,90.40611220171718,90.4611771741998,90.4936469878784,90.50095012707385,90.48116365855279,90.43292176425774,90.35541135516478,90.24840907330123,90.1123870001569,89.94976419177775,89.76606809819123,89.57008279452683,89.37186989379589,89.18084225205052,89.00436518060079,88.84775070855054,88.7160781279436,88.61474711539428,88.54872490451017,88.52070044359863,88.52976842803578,88.57047936475038,88.63387149540455,88.7103781495594,88.79188065425933,88.87256340334392,88.94916174402573,89.02025345479927,89.08539561258311,89.14541306298366,89.20121313961647,89.25374307160615,89.30452255448597,89.3556084550521,89.40918224856637,89.46677032628068,89.52924402829612,89.5953399134496,89.66167654416898,89.72506745259147,89.7837243169871,89.83733480731235,89.88584339646565,89.9281606103201,89.96113743464167,89.97989569849841,89.9797918252394,89.95821442839755,89.91397969397036,89.84716104759755,89.75792983560446,89.6455992555101,89.5088902424088,89.34661382729757,89.15837811242045,88.94571175556376,88.71201700718825,88.4615177184046,88.19809722397736,87.92526692218019,87.64576927886606,87.3612696386748,87.07269110911977,86.780738533783,86.48569480936908,86.18742501580255,85.88502567070019,85.57647580985659,85.26022121084495,84.93710159527342,84.61166430076544,84.29195665379717,83.98769928673778,83.70781305232293,83.4589788261361,83.24613619926214,83.07428351108945,82.9497407245463,82.87895050394448,82.86652337592832,82.91399292330152,83.02040336441546,83.18198103714167,83.3925025153686,83.6454004302962,83.93429708421985,84.25218213540495,84.59086039450267,84.9421298995785,85.29652684633515,85.64365411522186,85.97337624801455,86.27614105838202,86.54339447472012,86.76714508942413,86.94075561609901,87.05883567079727,87.11684346395882,87.11273326709536,87.04869114304577,86.93128811964573,86.77147918225944,86.58336874310817,86.38213656793448,86.18422566087264,86.00643357013061,85.86435204114238,85.77166291850642,85.73901226365685,85.77342672202658,85.87796017075738,86.05221470221694,86.29298241450519,86.59371502477961,86.9451258134589,87.33648988047088,87.75537477993043,88.18751270764517,88.61768251145855,89.03038286521962,89.41165310048373,89.75042526635458,90.03904149395407,90.273598860068,90.45368652411742,90.5813710310809,90.65976949268807,90.69232489099653,90.68289840434772,90.63675744922426,90.56059436934959,90.4612388664043,90.34348215525017,90.20885385728792,90.05497955504063,89.1907473863241,88.21308604999288,87.22058837783914,86.2483553591704,85.30033073053451,84.36927911452725,83.44509900987117,82.51777887259436,81.5783908644762,80.61922456750938,79.63365693499918,78.6159630183788,77.5611698281981,76.46498466685136,75.32374888355889,74.13442584229318,72.8946062122659,71.60253587522266,70.25714110252568,68.85804472850327,67.4055501960504,65.90060275272958,64.344730754779,62.739948327344564,61.08864626495904
"(left_hip,
                    nose,
                    right_hip)",8.566343632619358,8.65596258261729,8.745629053848118,8.835274698510137,8.924813694659543,9.014145182972703,9.103155764479077,9.191721819219893,9.279711678181776,9.366987639238127,9.453408300200145,9.538831413321276,9.623117326277535,9.706132785568604,9.787755435727481,9.867879358195342,9.946423391870713,10.023342279793031,10.098640862949228,10.17239562185642,10.244786663508048,10.316145388776635,10.38702101793915,10.458245729489867,10.530913278472532,10.606028043401206,10.642755105573974,10.67649966145471,10.707861231607755,10.73740491506079,10.765676415458149,10.79321470614591,10.820562022851474,10.848268872887203,10.876865514305535,10.906815298519401,10.938498378329022,10.97216301406871,11.007802823952042,11.04511509981486,11.083522129571538,11.122251651583976,11.16043314299388,11.197239858715966,11.232015275394991,11.264336877431715,11.294043006140475,11.32121158070203,11.346096789614986,11.369067910513607,11.390545084814352,11.410891584902892,11.430330730589498,11.448899247009324,11.466437402392156,11.482644707595899,11.497177511473986,11.509689163149183,11.519833033339328,11.527338134806527,11.532094184115653,11.53414022302473,11.533642638813692,11.530925303657288,11.526466182304024,11.520886361532453,11.51490051980313,11.509246946587682,11.504633764188393,11.501696290236296,11.500840157528188,11.502145515560805,11.505367492942224,11.51002162445543,11.51551954175315,11.521302484049112,11.526957609259165,11.532273512711457,11.537200822855851,11.541797882646886,11.546146127925411,11.550250104391814,11.553986208572926,11.557081173849117,11.55912268603669,11.559620621284962,11.558086426362388,11.554105849164944,11.547425697178499,11.53804404791509,11.52617398623778,11.512191784639011,11.496583022353779,11.479852477699325,11.462443654394772,11.444776999524604,11.427345024746575,11.410667329596091,11.395247535264668,11.381547595145884,11.369969741951323,11.360784402352728,11.354089996717676,11.349794787119354,11.347666557964331,11.347440590317637,11.348919580573616,11.352010910461434,11.356750692773153,11.36328711171901,11.371822628516732,11.382519782590695,11.395441356118134,11.410480394854165,11.4273366072079,11.44553830602461,11.464445268014424,11.483280266323945,11.50120385511416,11.517412015115278,11.531247413276706,11.542347771061205,11.550600835515906,11.556034149690294,11.558715605435602,11.558772202650639,11.556403889689266,11.55192315580091,11.545763355602697,11.538468553522875,11.530633647157597,11.522813445275027,11.5154880924617,11.5090082635731,11.50355693618145,11.49918137772282,11.495839197678894,11.493459263993909,11.492018973293824,11.491605137643388,11.492424110210319,11.494764449049072,11.498914201192559,11.505095727194842,11.5134315234726,11.523870387658608,11.53610906119516,11.5496164948376,11.563756869864303,11.577845142142213,11.591223731513987,11.60334424562719,11.613866213563252,11.622627065039987,11.629569538997771,11.634662771429765,11.637864980766143,11.639146778406435,11.638608732015364,11.636539181533744,11.63340013923408,11.62976578170043,11.626245014795145,11.623413421080022,11.621767541831467,11.62161027934145,11.623033985307053,11.625984266776582,11.630326336621554,11.635873575069924,11.64246510279451,11.650030783797892,11.658610222662794,11.6683367001684,11.679404641239838,11.692003838070175,11.706176474160692,11.721761945023449,11.738378397276463,11.755465130623671,11.77235014626982,11.788362399819574,11.802934822051935,11.815648039478532,11.826284546400823,11.83478342298024,11.841162686890092,11.845492673754105,11.84794184915267,11.848814791779603,11.848540801736275,11.847622936790414,11.84655170639255,11.845756248769273,11.845578254344952,11.846132850930962,11.847260592925675,11.848586910713617,11.849618522521773,11.8498549571582,11.848892826630582,11.846475569676649,11.84253446898368,11.837189611819644,11.830760248963248,11.823751672613923,11.816774595954383,11.810433723399337,11.805221670310182,11.801408044250104,11.799038286373321,11.797990292232335,11.79806505519839,11.799089263173803,11.800931215797306,11.803490457403859,11.806788774666002,11.81097600933664,11.816358350849914,11.823464130857207,11.83298326669097,11.845610831205557,11.861902447043992,11.882172464466453,11.906468944259048,11.934504583037848,11.9656263230654,11.998881701961128,12.033119340687023,12.06718210887297,12.100104812984707,12.13123272001381,12.160226525246774,12.1870335573849,12.211843561889008,12.235036050174637,12.257150752739642,12.278771423173364,12.300347210182117,12.322060405343752,12.343809556431442,12.365291404184866,12.386129989833575,12.405969253156691,12.424481637964849,12.441353131388368,12.45644120294034,12.469828525726333,12.48179673370973,12.492809806647337,12.503412249374575,12.514092756874044,12.525168098141663,12.536723686121459,12.548574435660925,12.56020097974323,12.570755302583851,12.579140127575185,12.584197211076347,12.58492280680975,12.580637683882934,12.571067261605537,12.556383002648229,12.537154857289256,12.514282950988983,12.488927649133718,12.462401332026786,12.4359751520686,12.410701736978444,12.387283991011394,12.366026972226019,12.346965027719481,12.329996084494965,12.314952829031906,12.301634437918066,12.28982009507643,12.279375497144375,12.270350139781732,12.262977725644035,12.257568594421826,12.25434144986854,12.253332305767959,12.254381967373913,12.257177227680437,12.261225422443609,12.265822989217213,12.27006339226489,12.272927563158703,12.273446759525054,12.270864968395912,12.264733267040693,12.254968858075411,12.24184699832934,12.22595568243193,12.208142957321106,12.189437546350467,12.17092029462877,12.153511756163084,12.137815898983877,12.124118454361511,12.112418946892051,12.102565181284385,12.094328739773871,12.087464679730633,12.081752015832162,12.07711271850841,12.07373517902603,12.07208257486783,12.072812432441424,12.076565226162556,12.083777838175752,12.09458974232756,12.108836527327885,12.12601792359657,12.145294280036774,12.165506693453978,12.185287085824184,12.20324599468192,12.218149732208563,12.229069173869556,12.23546355184158,12.23722887817043,12.234669614904796,12.228461731193104,12.219584248374286,12.209196898866788,12.198469153508984,12.188386981839068,12.179618813341735,12.172515912724819,12.1671797200785,12.163531881806367,12.161346450354321,12.160265370313057,12.159834026008175,12.159640419650957,12.159432098850768,12.159158740693027,12.158926128302486,12.158941033145489,12.15942277390926,12.160538808541954,12.16238603511973,12.164927899537261,12.167935641776442,12.170971912090778,12.173445048863359,12.174732973815207,12.174331564220925,12.171956891706573,12.16758724232772,12.161486268531572,12.15415963417461,12.146325210852922,12.138835548179424,12.13254530769717,12.128121929671451,12.125904313773008,12.12591208805646,12.12788962001839,12.131428859888825,12.136073186300061,12.141366743571758,12.14687329622361,12.152271833546013,12.157447182584171,12.162499006115409,12.167685564731004,12.173338616522841,12.179836810286861,12.187525601690108,12.196688363593953,12.20749994774124,12.220013977243774,12.234054450506598,12.24914831666008,12.264565543906194,12.279449009126541,12.292978716376233,12.304526176223076,12.313731786213596,12.320484828669091,12.324895241174747,12.327318445755193,12.328263955839153,12.328285415063334,12.327835953694045,12.327171818078014,12.32629986524394,12.324998743570529,12.322900933519023,12.319582733663715,12.314610138077514,12.307601576731454,12.298281848222922,12.286478836511268,12.272161975104904,12.255405279137392,12.23634415738369,12.215181433933903,12.192156917841594,12.16751084855639,12.141464904728544,12.114241574210446,12.085991552116603,12.056672103686452,12.0260846437886,11.993941418026324,11.959968221477904,11.924038404454311,11.886281945672568,11.847072255338952,11.807048518340583,11.767085180829932,11.728206123037275,11.691461090390803,11.657791107010171,11.627923944525458,11.602312476827803,11.58115231662807,11.564414607306515,11.551916217980862,11.543345026216148,11.538327060623786,11.536501811037061,11.53764869152048,11.541782656551561,11.549096991608618,11.559866196997978,11.57430053709373,11.592483857454411,11.61432147532231,11.639550480348916,11.667624015968793,11.697647855882861,11.728463039534617,11.758772021857641,11.787302834501393,11.812951588523108,11.834893771531974,11.85264304347792,11.866055097305338,11.875337705391678,11.881026920365834,11.883910715274475,11.88495884129114,11.885231262544615,11.88572404502133,11.887294974321836,11.890596289846155,11.896011415024912,11.90372208995295,11.913767748467517,11.926156837466934,11.940917164057009,11.958128450810847,11.977901943496896,12.000266085337707,12.02510055468579,12.052085236793344,12.080699546772994,12.11017986835732,12.13955268506091,12.16765296046269,12.193218360069645,12.214990540576213,12.23185876144499,12.24301006555573,12.248025032661104,12.246887071761034,12.239961054738858,12.227959423725856,12.211866032394397,12.192849657946143,12.172138090242688,12.150862860278709,12.12990254888811,12.109765275363007,12.090577781939077,12.03477802680574,11.975786123062583,11.917898326528208,11.86226773489594,11.808631227174029,11.756287580583077,11.704478769191898,11.65250634120741,11.599768955711713,11.545762987307054,11.490073131485605,11.43236157686038,11.372360256075297,11.30986063141798,11.244703706029018,11.176773681968502,11.105993336898102,11.032321391497497,10.955751551329271,10.876312652025753,10.794065521770392,10.709099277350155,10.621527194880514,10.531481397344024,10.439106480106908
"(left_shoulder,
                    nose,
                    right_shoulder)",41.4445315240759,42.70864745373876,43.97383885217295,45.23925299641488,46.50380284063827,47.76620202448709,49.025000609679836,50.278618172664366,51.525377453910465,52.763537139196174,53.99132975438272,55.20700386636635,56.40886784199268,57.59533623745823,58.764981637388956,59.91659983617307,61.049309602522854,62.16268168727939,63.25688762542072,64.33291466756259,65.39289336321659,66.44065415786022,67.48258352848879,68.5285498817768,69.5917487582943,70.68405978852604,71.23552180857278,71.73323615259596,72.18774297870293,72.60942455820027,73.00861958254475,73.39559094390505,73.78126634945411,74.17739054885976,74.59590090643545,75.04764732781334,75.54120535269843,76.08140475224216,76.66774086375275,77.29416512687649,77.94946853089613,78.61867799551783,79.2847232418915,79.93025054855282,80.53940792239788,81.09977329844239,81.60374127270718,82.048726803236,82.43628689685326,82.77086786008226,83.05837306072945,83.30433411743235,83.51274310129128,83.68575046459023,83.8235180747827,83.92513885198306,83.99000925171651,84.01804423583367,84.00956453175678,83.96597437362367,83.88980482996045,83.78365473623634,83.64926087958898,83.48809773965691,83.30218372887364,83.09482972751877,82.87066285964707,82.63476930174849,82.39272549628475,82.15147056049796,81.91691771195157,81.69214963095469,81.47687904489192,81.26853380092703,81.06405312759804,80.86119270922968,80.6597930308588,80.46267433021181,80.27502830071307,80.10329015767914,79.95374778620102,79.83064691230734,79.73515012169096,79.66440490261742,79.6120423793831,79.56964144939177,79.52858895441854,79.48171090666861,79.42477173411184,79.35746733402188,79.28255905290669,79.20513271738287,79.13139668999108,79.06615438738136,79.01192253819858,78.970110644351,78.94279953976424,78.93325663298164,78.94586689714716,78.9853133376877,79.05546679274174,79.15840630827175,79.29377188208133,79.45774235964308,79.64395820453825,79.84538703105412,80.05565075168768,80.2696750538752,80.4844006052525,80.69833531775971,80.9111126825118,81.12282012137342,81.33374956152657,81.54399696701888,81.7524944299094,81.95626357433451,82.15007542280203,82.3268158624349,82.4785292592277,82.59769433667034,82.67895401660061,82.72234293259284,82.73210653694298,82.71422858816892,82.67370671123179,82.61397351602638,82.53760612195025,82.448046363554,82.35032060231188,82.25161173697529,82.16060698983478,82.08583227995317,82.0352039862851,82.01513939845904,82.03009561921165,82.08274192054216,82.17390214129819,82.30270487881381,82.46709231018704,82.66465074858681,82.89363967184003,83.15288792630676,83.4408356290042,83.75526949516725,84.09400075683709,84.45308281267702,84.82480057874614,85.19786968822008,85.55927300952062,85.8956029437566,86.1951642553824,86.45001754516674,86.65758901054139,86.82006874329329,86.94248528877851,87.02993441021172,87.08613226711479,87.11292035884222,87.11226674353628,87.08793487409599,87.04606630864066,86.99462196567305,86.94242899038815,86.89771423545295,86.86813896754768,86.85922129945308,86.8743216997645,86.9153498308876,86.9832613987094,87.07730154154703,87.19534943500511,87.33467703038929,87.4931998460876,87.6700718429916,87.86547272457754,88.08028018230392,88.31417680503765,88.56396079318426,88.82255533893303,89.08005991464843,89.32515374026768,89.54699881472851,89.73739985420681,89.89152099418159,90.00857080494782,90.09059506085592,90.14101579147713,90.16401721186297,90.16417000309833,90.14726008338238,90.11991899917999,90.08844043617151,90.05829162940219,90.03419604489011,90.02092136152066,90.02026095890446,90.03036507292492,90.04702208757752,90.06473625815404,90.07760633490014,90.0803261642661,90.06845655035013,90.0394122595553,89.99256475045053,89.92986908213521,89.85632322446978,89.77909241503528,89.70626475311556,89.64560998078117,89.60198133453004,89.57709287934946,89.57100157252158,89.58372907895736,89.61674396289331,89.67346603481002,89.7573204360541,89.87228921063337,90.02158983355395,90.20961532566407,90.44421968672196,90.73557606756282,91.09323462068932,91.52349438455786,92.02719193089763,92.60085557537649,93.23706277288403,93.92455188602874,94.6486862396125,95.3924909082952,96.13897217981325,96.87321121735053,97.58417453581119,98.26431613063508,98.90835714306061,99.51286511744121,100.07605315234923,100.59850722033804,101.08262415596187,101.53062166478423,101.94299067161074,102.31753488343645,102.65124242253134,102.94260108522343,103.19262578936885,103.4038669108532,103.57884706177168,103.72289478886091,103.84263474974804,103.94488010399914,104.03798014263035,104.1304252777474,104.22834717475382,104.33360926351378,104.44297430629842,104.5490226099551,104.64089635904043,104.7056731041734,104.72870826674833,104.69577903066443,104.59581562679537,104.42222623724615,104.17378875911115,103.85555553032717,103.47774061209074,103.05460296371014,102.60370936175272,102.14527275850341,101.69944818163552,101.2833608604212,100.90742504917492,100.57516542228903,100.28683571302118,100.04194554034831,99.84052874037482,99.68304645665607,99.56812836962331,99.49302998211559,99.45545136387014,99.45468673154687,99.48996054423387,99.55864822734156,99.65539603411423,99.77128261710698,99.89556758627765,100.0165818911014,100.121317475686,100.19632191148827,100.22896766952465,100.20887940841408,100.12955368558714,99.98913979074914,99.79114157683341,99.54324941194248,99.25618524254467,98.94311495981474,98.61908969680238,98.29983027572388,97.99897803765245,97.72629172752053,97.48675018924908,97.28071989568389,97.10760626592484,96.96749567675586,96.86145067370471,96.79061907027065,96.75628666992333,96.76036083592693,96.80571110800975,96.89711644927581,97.03881143859809,97.23181303481391,97.47263238422215,97.75274987850702,98.0588973752428,98.37517384559754,98.68400744356092,98.96709268104362,99.20725245276438,99.39024266907144,99.50644356414664,99.55175039180295,99.52801562331813,99.44178359744453,99.30345439991814,99.12656906546601,98.9269018756629,98.72097979757558,98.52310380431706,98.3425676627761,98.18378952996045,98.04858531240743,97.93778540364976,97.85213583792245,97.79197386755907,97.75556936954564,97.73941464157667,97.74043299797674,97.75720821205624,97.79017193703112,97.8411505751975,97.91156904015804,98.00068520639473,98.10547919718408,98.22135657477492,98.34162427138398,98.45763044158042,98.55964373056113,98.63820541192774,98.68612926353035,98.6998059630993,98.6798148594897,98.63064178945459,98.55914619935604,98.47423219752642,98.38635017103223,98.30651052380011,98.24381511488309,98.20323495240893,98.18521035676889,98.18619229864612,98.20134108741752,98.22711557720265,98.26206160277421,98.30547585062767,98.35636920287378,98.41296491078779,98.47392602103466,98.53958739902453,98.61108835560412,98.69034281195309,98.77942582334975,98.87989203886929,98.99191584869527,99.11576232932424,99.25032614298908,99.39269604245601,99.53797450931648,99.67999090101381,99.81284742201663,99.93258216313538,100.03815955845,100.13022082886906,100.21008483050548,100.28082212113122,100.34700670386405,100.41402596087613,100.48590057911127,100.56277018934918,100.63991187174952,100.70861057604128,100.75860861077058,100.78063237170738,100.76717293225047,100.7129382044589,100.61501191040426,100.47249236287337,100.28663087667559,100.05957024910623,99.79371755040756,99.49207692204266,99.15749769787226,98.79164944034414,98.39451025832477,97.96558982686463,97.50412715853861,97.00807600343285,96.47472428312619,95.90121997714544,95.28571945109144,94.62891732174694,93.93509573142859,93.21208311074025,92.47126169850313,91.72706795914212,90.9965238903531,90.29832897349124,89.65072243118772,89.06829932425802,88.56065841759698,88.13334181054302,87.78849634016476,87.52616541279917,87.34511303611195,87.24328251960392,87.2172125907795,87.26340166966489,87.37971195725802,87.56510483455662,87.81908894404552,88.14024139686026,88.52507288600125,88.96626774730535,89.45434793881162,89.97629124248294,90.51551820276629,91.05284704839623,91.56819529082779,92.04268915147003,92.46063701654097,92.81169782818691,93.09122229902226,93.2992586279006,93.44015071895882,93.52221426929623,93.55651841424805,93.55628588685954,93.53594265343969,93.50902223507364,93.48785840686412,93.48269193026113,93.50069520853512,93.54754175195853,93.6278002045873,93.74576172263485,93.90484299684161,94.10686540785369,94.35206747992711,94.638165655747,94.96037142771223,95.31117475902556,95.68042028020034,96.0535680903372,96.41217746534801,96.73603944233201,97.00568616025868,97.20429182943033,97.31955300807063,97.3454181968579,97.28273262392848,97.13882906367152,96.92572602946046,96.65850782837586,96.35384738260686,96.02883493756121,95.69990762698689,95.3810755487325,95.08151189724344,94.80347616163868,94.54282116984623,93.62560472011229,92.64227781061132,91.66641436483417,90.71927760370707,89.79795352203928,88.89182246540724,87.98909895175268,87.0788539096933,86.15178683627386,85.20026365844575,84.21809202484906,83.20030227898718,82.14297154380915,81.0430538331866,79.89823541022417,78.7068390908081,77.46771832852494,76.1802315282755,74.84425824203379,73.46021446941336,72.02902082171556,70.55205483358884,69.03109472990741,67.46824407554197,65.86584121287228
orientation,0.2974799214468088,0.45345138794960427,0.6088183642263791,0.7634402943927345,0.9171572426492651,1.0697952458695994,1.2211710953758779,1.3710970665098183,1.5193850593530038,1.6658500021724034,1.8103128633156376,1.9526045708326094,2.0925707700422285,2.2300779105815907,2.365020296286601,2.497328879003703,2.626984156430961,2.7540377686738218,2.878640021530382,3.001072744807762,3.1217882580181184,3.241458394192251,3.3610228599567544,3.481656779893826,3.604416164424794,3.729145744234367,3.771134462793179,3.802485122267363,3.824370970180132,3.838182737190922,3.8452938810111705,3.8468133448325696,3.843544673277855,3.836057437778651,3.824751256409978,3.8099199806872557,3.791799638953453,3.7706076011704335,3.7466549253031136,3.7203977819726095,3.6923591876041324,3.6630547026891196,3.633014385132545,3.6027613824336924,3.572776290865853,3.5434338901463778,3.514985500821345,3.487624776089108,3.4615395485345757,3.43696927279875,3.414266549792293,3.393844148169845,3.376034200466949,3.3609714656058802,3.3485117897489887,3.3381670553015694,3.32913740024909,3.3204917643630916,3.3113521147355267,3.301014546704498,3.2890537706431715,3.275298605255627,3.2596987546353016,3.2422111805215206,3.222732588204373,3.20112003209319,3.1772975638943706,3.151326143506047,3.1234006717723055,3.0938913306868763,3.0633358351166224,3.0324712897966304,3.002128150744573,2.973095507343351,2.9460236723641353,2.921354233681852,2.8993121235853128,2.8798560621570473,2.8626497096151224,2.847171469848834,2.8328753826682664,2.819351638325567,2.8063727231911053,2.7937663881173904,2.7813606950725402,2.7689887593931406,2.756474060910095,2.74360734659247,2.73016882066636,2.7159641064154316,2.7009370746202697,2.6852318332812652,2.6691539049959574,2.6530016352621404,2.6369574332959136,2.621051084526904,2.6051628107933853,2.5889995300707955,2.572110342982268,2.5539758194438473,2.5341194521014714,2.5122474985311554,2.4883625051862017,2.4627204048815443,2.4357737776727406,2.408122196750851,2.3804075849779993,2.3532203285230606,2.3270284874632363,2.3021166979706416,2.278525985469123,2.2560936040225688,2.234615793591239,2.2139941447570117,2.1942766635569133,2.1755898643532503,2.158039142917186,2.141666091177866,2.1264080401779544,2.1120585823317715,2.098285905669082,2.084711147782686,2.070975969579825,2.0569195693218205,2.042596180769073,2.0281248597928485,2.013527125713762,1.9987104398729185,1.9835425303870302,1.9679688036202272,1.9520327983098449,1.9358681423609045,1.919708636841234,1.9038880967319232,1.888867977880711,1.8751678138696297,1.863289568164738,1.8536656647279903,1.8466143678300035,1.8422921518568713,1.840617445169211,1.8412152954480763,1.843438977975509,1.8464531094393912,1.8494507027508265,1.8518084801406118,1.8531329294717604,1.8532714810355202,1.8522364903089077,1.8500493957347017,1.846661193335641,1.841999187594043,1.8360331487305412,1.828792203351758,1.8205183733188495,1.811656157191655,1.8027777670626461,1.794472834824087,1.7872227077504323,1.7813404394773071,1.7769988847993305,1.7742636955839473,1.773115141126616,1.7734819310718724,1.7752555048423169,1.778305153133128,1.782490840581613,1.7877133981793203,1.7939460658684943,1.8012330080154908,1.8096703624054473,1.8193320249476135,1.8302019847702047,1.842132041966404,1.854817349732241,1.8679062089997283,1.8811316244882672,1.8943373164820212,1.9074035941850553,1.920204054339763,1.9325479225141944,1.9441802639941788,1.95480649063827,1.964083221065048,1.9716822174951671,1.9774311679807224,1.9813835182720925,1.98371839214529,1.9846049714840284,1.9841062922388124,1.9821975088220203,1.9788244566868975,1.9739212603698117,1.9674394067165437,1.9593243281113324,1.9494943934013964,1.9378817350382551,1.9245134980795697,1.9096026406551774,1.8935858377077341,1.877100911992566,1.8608623833431408,1.8455324515319556,1.8316516164776,1.8196139835543401,1.8096019953469802,1.8016452028553935,1.7957192093841723,1.7918483569112267,1.7901431787830244,1.790758462257422,1.7938133555691662,1.799340592042455,1.8072708517935174,1.8175451797280777,1.8302004296225527,1.845307701076896,1.8628504043155198,1.8826414456631961,1.9043124166633993,1.92732755507754,1.951008905166598,1.9746429629972577,1.9976227445319092,2.019505677574813,2.0400182018846906,2.0590397660419746,2.076627154401685,2.092975844479407,2.1083783116531087,2.1232378715663858,2.1380060907312926,2.153009298750823,2.168330992732204,2.1837719916776175,2.198812010270739,2.2126616689362546,2.2244849415580177,2.2335852789736403,2.2394623454930302,2.241795162026479,2.2404407502886707,2.235459038588711,2.2271696951671967,2.216129541671752,2.2031648684152643,2.189337331362582,2.1757251292437916,2.163221268586577,2.152385834871378,2.143390870901678,2.136051813676545,2.12994572681548,2.1245460192869956,2.1193608742087378,2.1140221348029833,2.108352724249446,2.102267478433502,2.0957115101428325,2.0886630092367096,2.081162159238011,2.0732936258146752,2.065126567257626,2.0566423572968975,2.0476741900688067,2.037898276011167,2.0269711849667518,2.014658960332465,2.0009181615349814,1.9858579229995144,1.9697081575182471,1.9528100539688387,1.9355725209544024,1.9185656827366753,1.9025304727363745,1.8883330416327626,1.8767999394357,1.8684869339217691,1.8635705754602885,1.8618763791350368,1.8629180160110455,1.865983708143407,1.8703031853576952,1.875206578935563,1.880167975395187,1.8848311486092246,1.8889729291839625,1.892413518322078,1.8949777634183445,1.8965800160513475,1.8972789835118422,1.8972029205850889,1.8964302218759643,1.8949129943589886,1.892483878136189,1.888931821229285,1.8840368359247428,1.877672006524147,1.8699547723572039,1.8611998819665594,1.851867583701452,1.842504319937655,1.8337773855051704,1.826453160649193,1.821308878489538,1.8189726197557972,1.8197844524512115,1.8237436577089898,1.8306086218253679,1.8399081419421783,1.850945252248037,1.8628357884942073,1.8746495597250394,1.8855740901873563,1.895010701738924,1.9025966151443825,1.908119077130161,1.911440712254496,1.9125894635439424,1.9118068663580947,1.9094835605501208,1.9060036272588414,1.9016278026594176,1.8964369084853177,1.890305898131718,1.8830285657756338,1.874454773911852,1.8646348715422292,1.853835792559229,1.8424574658080441,1.8310316615561941,1.8202232296555465,1.8108302182424634,1.803666270201377,1.7994694538749707,1.7987685052950497,1.8017698181917883,1.80836176340115,1.8181449745291296,1.8304326447530617,1.844243750877025,1.8583864355602326,1.8716517633985497,1.8829748067979732,1.8915569841600597,1.8968931013149462,1.8987717250306702,1.8972760384280472,1.8927817088968322,1.885917606287713,1.877455482093432,1.868141332155528,1.8585581582779502,1.8489913750112912,1.8394982495980479,1.830055531381177,1.8207086204607972,1.8116077317869017,1.8029050995960354,1.7947581543205917,1.7873287223070307,1.7807898147132875,1.7753553821715657,1.7712757419555674,1.7687200631568385,1.7676523325583524,1.7677565021009674,1.7685343560757811,1.7694103912334267,1.7697376712628277,1.7688867968854005,1.7663562765798275,1.7618580498478948,1.7553616514420192,1.747090940910926,1.7374992794356263,1.7272957823627504,1.7173842990126564,1.7087627669009011,1.70242779299501,1.6992066499713316,1.6995021358457842,1.7032622460609375,1.7099788103645857,1.71885681173117,1.7289582109772752,1.7393747042725103,1.7493513234549738,1.758283725203409,1.7656947342164315,1.771189529242431,1.774429039027833,1.7751562783230348,1.7733201419484832,1.769133892973314,1.7629315463646478,1.7550948344719197,1.7460496158611338,1.7362370358697863,1.7259940187032328,1.7155300712838297,1.7049776209330254,1.6944606304059526,1.6841614015888844,1.674354811760704,1.6653808686511447,1.657609142431646,1.6514463578638168,1.6472573755691862,1.6453687753313302,1.6459588125854459,1.6488696385715487,1.6535554704726456,1.6591196656604819,1.664510306463777,1.6688534809064208,1.6716361985558308,1.6727311713157533,1.6723218691137376,1.6707690147228504,1.6685146215021973,1.666143468108583,1.6644947355239772,1.6645776379049817,1.667401987289459,1.673772985965127,1.6841561184767038,1.69865400411466,1.7170480603094846,1.7388269705814547,1.7632295572308738,1.7893582861557178,1.8163390729435953,1.843330753505814,1.8696055679651415,1.8944819232724655,1.9172384072437607,1.9371714307151695,1.9536417253669855,1.9661579898543726,1.9744281540719597,1.9783674581587807,1.9780877562543466,1.9738187375532004,1.965787529611589,1.9542657422811427,1.9396907844755855,1.9226358617921715,1.9037983751352474,1.8840545154219157,1.864579825244567,1.8467499180907572,1.8319540135163632,1.8213536625982725,1.8157137455496857,1.8153085892681489,1.819919070323106,1.828872132220038,1.8410746551615187,1.8551749335313303,1.869646338098125,1.8829518123849667,1.8937858152881049,1.901079708710192,1.9039822004784348,1.9018664142435195,1.8943561185270514,1.8814464593193225,1.8635260565488672,1.8413375168122048,1.815893380819347,1.7883035241738512,1.7595633880689694,1.7304517723498192,1.7016405076213443,1.673767688651293,1.6474402095000933,1.6231477098379283,1.6011726023273223,1.5639446552565262,1.524922841203574,1.4864585577904537,1.449142663146639,1.412765614277701,1.3768871962986964,1.3410556612985811,1.3048736436057613,1.268011951028818,1.2302011443960872,1.1912217003867518,1.1508984970792469,1.1090939508540956,1.0657038237858139,1.020650463049499,0.9738798459776845,0.9253587609546692,0.8750725284993699,0.8230237640428726,0.7692316907578949,0.7137330128120176,0.65658207141459,0.5978471539520065,0.5376069108044916,0.475947793615326
